{"_step":71,"eval/samples_per_second":4.1,"total_flos":1.23240431484928e+14,"_timestamp":1.7579526069895792e+09,"train/epoch":5,"eval/loss":0.856712818145752,"eval/runtime":24.3896,"_wandb":{"runtime":9044},"train/learning_rate":4.309937730015978e-10,"train_samples_per_second":1.048,"eval/steps_per_second":0.287,"train/loss":0.7669,"train/global_step":595,"_runtime":9044.557037349,"train_loss":0.8412789869709175,"train/grad_norm":1.0440298431506931,"train_steps_per_second":0.066,"train_runtime":9051.4219}