{"eval/runtime":7.1987,"eval/steps_per_second":0.833,"train_runtime":1896.7809,"eval/loss":0.7977938652038574,"_runtime":1910.064791731,"_wandb":{"runtime":1910},"total_flos":8.9712186884096e+14,"train/global_step":885,"_step":106,"train/epoch":5,"train_loss":0.9591390008980272,"eval/samples_per_second":12.502,"train/learning_rate":1.947016040384497e-10,"train/loss":0.7845,"train_samples_per_second":3.717,"train_steps_per_second":0.467,"_timestamp":1.7508799759118094e+09,"train/grad_norm":0.6548691486790934}