{"_step":112,"train/grad_norm":0.7825584565189013,"train_runtime":16786.8748,"eval/steps_per_second":0.241,"_runtime":16851.09804183,"_wandb":{"runtime":16851},"train/learning_rate":8.721177898912691e-10,"_timestamp":1.750751063792966e+09,"total_flos":5.4799820783616e+13,"train_samples_per_second":0.445,"train/epoch":5,"train/loss":0.181,"train_loss":0.4213161715211715,"eval/samples_per_second":1.903,"train/global_step":935,"train_steps_per_second":0.056,"eval/runtime":41.5115,"eval/loss":0.6994187831878662}