{"train_loss":0.6178373271979175,"train_steps_per_second":0.065,"train/grad_norm":1.1688393149680265,"_wandb":{"runtime":24005},"train/epoch":5,"eval/runtime":57.9032,"train_runtime":23928.8081,"_timestamp":1.7533649357422392e+09,"train/loss":0.5656,"train/global_step":1545,"eval/steps_per_second":0.294,"eval/samples_per_second":4.49,"_step":185,"train/learning_rate":6.385215159565582e-11,"eval/loss":0.6110796928405762,"total_flos":2.89804235964416e+14,"_runtime":24005.786313384,"train_samples_per_second":1.03}