{"_timestamp":1.7509138029577343e+09,"train_runtime":1705.6195,"_runtime":1717.103140255,"train_steps_per_second":0.519,"train/epoch":5,"eval/loss":0.8474235534667969,"train/learning_rate":1.947016040384497e-10,"train/global_step":885,"_wandb":{"runtime":1717},"train/grad_norm":0.35427159842935974,"eval/samples_per_second":13.77,"train_samples_per_second":4.133,"train/loss":0.8302,"eval/runtime":6.5358,"total_flos":6.83728025157632e+14,"train_loss":0.9743304953063275,"eval/steps_per_second":0.918,"_step":106}