{"train/epoch":5,"train/global_step":925,"eval/steps_per_second":0.299,"_wandb":{"runtime":14128},"train_runtime":14072.2926,"_step":111,"eval/loss":0.656004786491394,"train_samples_per_second":1.05,"train_loss":0.6697753957799963,"train/learning_rate":1.782174418960558e-10,"total_flos":1.91367079264256e+14,"_runtime":14128.927520535,"eval/runtime":33.4515,"train/loss":0.6205,"train/grad_norm":1.089914489150771,"_timestamp":1.7527483033314064e+09,"train_steps_per_second":0.066,"eval/samples_per_second":4.663}