{"train/learning_rate":3.021956174370732e-09,"_runtime":680.663014052,"train_steps_per_second":0.343,"_wandb":{"runtime":680},"train_loss":0.5729878091812134,"eval/steps_per_second":0.734,"train/grad_norm":3.237986469264945,"_step":27,"eval/samples_per_second":8.44,"eval/runtime":2.7251,"train/global_step":225,"train_runtime":656.0999,"_timestamp":1.750881472684064e+09,"eval/loss":0.5970635414123535,"train_samples_per_second":2.713,"train/epoch":5,"train/loss":0.3821,"total_flos":8.426116644864e+12}