{"_step":4,"train/learning_rate":7.352941176470589e-07,"train/global_step":50,"train/epoch":0.18450184501845018,"_timestamp":1.7521260389970338e+09,"_runtime":147.967983956,"train/loss":0.4373,"_wandb":{"runtime":150},"train/grad_norm":2.0915138493858767}