{"_step":356,"train/learning_rate":3.3918829112966615e-11,"total_flos":4.1298746671104e+14,"train_samples_per_second":2.591,"train/loss":0.6587,"train_runtime":36631.3845,"_runtime":36776.252106809,"train/epoch":3,"train_steps_per_second":0.081,"eval/runtime":124.2997,"eval/steps_per_second":0.845,"_timestamp":1.761777148947566e+09,"train/grad_norm":1.4283286945153582,"train_loss":0.7792410431062489,"_wandb":{"runtime":36776},"eval/samples_per_second":13.403,"train/global_step":2967,"eval/loss":0.7666904330253601}