{"train/loss":0.0057,"train/grad_norm":1.1109613014099828,"_step":173,"eval/runtime":7.793,"_runtime":3577.842255643,"train_steps_per_second":0.406,"eval/loss":0.044350121170282364,"train/epoch":5,"train/global_step":1440,"train_runtime":3550.7457,"train_loss":0.029854509477607077,"eval/steps_per_second":2.053,"total_flos":2.960994484224e+13,"train_samples_per_second":3.237,"eval/samples_per_second":15.527,"_timestamp":1.762018265573019e+09,"train/learning_rate":2.9380523787203572e-12,"_wandb":{"runtime":3580}}