{"eval/loss":0.7881246209144592,"train/learning_rate":5.242702864594051e-11,"train/loss":0.6999,"_timestamp":1.7529647252610261e+09,"train_runtime":17501.1499,"_runtime":17572.226010291,"train_steps_per_second":0.097,"train/grad_norm":1.4379704522730055,"train_samples_per_second":0.778,"train/global_step":1705,"eval/runtime":51.8401,"train/epoch":5,"eval/samples_per_second":2.778,"_step":205,"_wandb":{"runtime":17572},"total_flos":1.68154949255168e+14,"eval/steps_per_second":0.174,"train_loss":0.7563275559556799}