{"_runtime":46129.686176359,"_wandb":{"runtime":46129},"eval/samples_per_second":12.691,"train_steps_per_second":0.076,"train_loss":0.8175881366037951,"train/loss":0.7383,"total_flos":6.83019675172864e+14,"train/learning_rate":8.079997011800621e-12,"eval/loss":0.7914972901344299,"eval/steps_per_second":0.794,"eval/runtime":153.7357,"_timestamp":1.760902126558226e+09,"train/grad_norm":1.5327526466115464,"train_runtime":45953.4756,"_step":417,"train/epoch":2.9978420371169614,"train/global_step":3474,"train_samples_per_second":2.42}