{"train_samples_per_second":1.019,"train_loss":0.766181346644526,"train/loss":0.7047,"total_flos":1.15573134983168e+14,"train_runtime":14501.9226,"train/learning_rate":0,"_wandb":{"runtime":14564},"eval/steps_per_second":0.267,"train/epoch":4.951351351351351,"_timestamp":1.7612377425974085e+09,"train_steps_per_second":0.032,"eval/samples_per_second":4.164,"_runtime":14563.9897362,"train/global_step":460,"eval/loss":0.7325651049613953,"_step":56,"eval/runtime":37.4625,"train/grad_norm":0.21308808845777655}