{"eval/loss":0.7540227174758911,"eval/runtime":24.9528,"train_samples_per_second":1.579,"_step":113,"eval/steps_per_second":0.281,"train/loss":0.7044,"train/epoch":5,"train/global_step":945,"eval/samples_per_second":3.887,"train_steps_per_second":0.197,"train/learning_rate":1.707495419472904e-10,"total_flos":1.713726778507264e+15,"_runtime":4818.667219143,"_wandb":{"runtime":4818},"train/grad_norm":0.33389185380521635,"_timestamp":1.750886363522606e+09,"train_runtime":4787.1079,"train_loss":0.7563912073771158}