{"eval/loss":0.27015984058380127,"train/learning_rate":1.8660254037844386e-06,"_runtime":3140.571092748,"eval/runtime":46.8589,"train/global_step":90,"train/loss":0.2014,"eval/steps_per_second":0.171,"eval/samples_per_second":2.582,"train/grad_norm":0.8687631276042411,"train/epoch":1.25,"_wandb":{"runtime":3340},"_timestamp":1.7610568641997738e+09,"_step":9}