{"eval/loss":0.6788028478622437,"train/epoch":4.9724473257698545,"train_steps_per_second":0.031,"train/loss":0.6636,"train_loss":0.7057586428406951,"eval/samples_per_second":3.878,"_timestamp":1.7613082391343176e+09,"train/global_step":770,"total_flos":1.8520575049728e+14,"train_samples_per_second":0.999,"train/grad_norm":0.22118914684204516,"_step":93,"_runtime":24762.474456967,"train_runtime":24673.9507,"train/learning_rate":0,"_wandb":{"runtime":24762},"eval/runtime":67.0377,"eval/steps_per_second":0.254}