{"train/grad_norm":1.5374083415268203,"_step":417,"train/loss":0.7386,"train_steps_per_second":0.076,"train/global_step":3474,"_runtime":46061.916450585,"train_runtime":45887.9772,"_timestamp":1.7609971726999776e+09,"train_samples_per_second":2.423,"eval/samples_per_second":12.747,"train_loss":0.8177175552047528,"eval/runtime":153.0583,"_wandb":{"runtime":46062},"total_flos":6.83019675172864e+14,"eval/loss":0.7915990948677063,"train/learning_rate":8.079997011800621e-12,"eval/steps_per_second":0.797,"train/epoch":2.9978420371169614}