{"train/grad_norm":1.0764781774298626,"total_flos":1.82535387742208e+14,"train/learning_rate":8.624740354707949e-10,"_runtime":13515.255006024,"eval/steps_per_second":0.308,"eval/loss":0.7287338972091675,"train_loss":0.7590098808907174,"_step":80,"train_steps_per_second":0.069,"train_runtime":13461.872,"_timestamp":1.7621292543431299e+09,"_wandb":{"runtime":13516},"train_samples_per_second":1.098,"train/epoch":5,"eval/runtime":32.4531,"train/global_step":925,"train/loss":0.6956,"eval/samples_per_second":4.807}