{"_step":3,"train/learning_rate":9.302325581395349e-07,"train/epoch":0.23391812865497075,"_wandb":{"runtime":1242},"train/global_step":40,"train/grad_norm":2.936869190898334,"_timestamp":1.7529444429060864e+09,"train/loss":1.0354,"_runtime":1033.644648152}