{"eval/steps_per_second":1.947,"eval/samples_per_second":14.723,"train_runtime":4201.7659,"eval/runtime":8.2187,"_timestamp":1.7531705645137658e+09,"_wandb":{"runtime":4059},"train_samples_per_second":2.736,"total_flos":3.1320779341824e+13,"train/epoch":5,"train/grad_norm":1.1592656791671625,"train/global_step":1440,"_runtime":4059.251884525,"train_loss":0.10968637343289124,"train/loss":0.0155,"train/learning_rate":0,"train_steps_per_second":0.343,"eval/loss":0.19303549826145172,"_step":173}