{"train_samples_per_second":0.427,"train/grad_norm":0.8291616994953468,"_timestamp":1.7507896356425037e+09,"train/loss":0.4969,"eval/samples_per_second":1.289,"_runtime":17804.237703367,"train/epoch":5,"train/learning_rate":1.707495419472904e-10,"train_runtime":17706.793,"eval/loss":0.6291280388832092,"eval/steps_per_second":0.173,"train_steps_per_second":0.053,"train/global_step":945,"_step":113,"eval/runtime":75.2482,"total_flos":5.5867223932928e+13,"train_loss":0.5621380881657676,"_wandb":{"runtime":17804}}