{"train_runtime":5695.3497,"train_samples_per_second":1.327,"eval/loss":0.6572731137275696,"total_flos":4.4610428928e+13,"_wandb":{"runtime":5743},"train_loss":0.501207184160828,"train/grad_norm":2.7132543854026023,"eval/steps_per_second":0.29,"train_steps_per_second":0.166,"_step":113,"train/loss":0.3841,"eval/runtime":24.126,"train/learning_rate":1.707495419472904e-10,"_timestamp":1.7508650025470314e+09,"eval/samples_per_second":4.021,"_runtime":5743.251786212,"train/global_step":945,"train/epoch":5}