{"train/grad_norm":0.7953179152877726,"train/learning_rate":1.5400165417766009e-09,"eval/samples_per_second":2.324,"train_runtime":15814.7554,"_step":38,"_runtime":15891.957243678,"eval/runtime":45.61,"_timestamp":1.761073182119656e+09,"train_steps_per_second":0.02,"train/loss":0.4257,"eval/steps_per_second":0.153,"total_flos":3.867468693504e+13,"train/global_step":315,"_wandb":{"runtime":15892},"train/epoch":5,"train_loss":0.5265878420027476,"train_samples_per_second":0.637,"eval/loss":0.5218892097473145}