{"train_loss":0.7969895960204411,"total_flos":4.7871063457792e+14,"eval/runtime":165.4459,"train/epoch":2.9995684074233924,"eval/samples_per_second":11.792,"_runtime":48674.090487684,"train/learning_rate":8.079997011800621e-12,"train/grad_norm":0.7037123137266139,"train/loss":0.7055,"_step":417,"train_steps_per_second":0.072,"_timestamp":1.76115361817912e+09,"_wandb":{"runtime":48674},"train_runtime":48488.9165,"eval/loss":0.7921685576438904,"train_samples_per_second":2.293,"eval/steps_per_second":0.737,"train/global_step":3474}