{"train_runtime":9643.6005,"_step":89,"train/epoch":5,"train_steps_per_second":0.077,"train/global_step":745,"eval/loss":0.7996550798416138,"_timestamp":1.7614984708595557e+09,"eval/runtime":27.4991,"_runtime":9692.810207753,"train/loss":0.7022,"_wandb":{"runtime":9692},"train_loss":0.7733451097603612,"total_flos":7.455056953344e+13,"eval/samples_per_second":4.582,"train/grad_norm":0.7575660149566782,"train/learning_rate":2.748148901841052e-10,"eval/steps_per_second":0.291,"train_samples_per_second":1.233}