{"train/global_step":745,"train/grad_norm":1.389648475862452,"train_loss":0.8161782303112465,"train/loss":0.7459,"train/learning_rate":2.748148901841052e-10,"train_samples_per_second":0.587,"train_runtime":20250.6255,"eval/steps_per_second":0.166,"eval/loss":0.8210912942886353,"total_flos":1.1374100774912e+14,"_timestamp":1.7579070789747152e+09,"_runtime":20282.991885581,"_wandb":{"runtime":20283},"train/epoch":5,"eval/runtime":48.1975,"eval/samples_per_second":2.614,"train_steps_per_second":0.037,"_step":89}