{"total_flos":2.483681820672e+13,"_timestamp":1.7610558367241204e+09,"eval/runtime":4.7403,"_step":44,"_wandb":{"runtime":1900},"train_samples_per_second":6.149,"train/epoch":5,"train_steps_per_second":0.193,"eval/samples_per_second":25.526,"eval/steps_per_second":1.688,"train/grad_norm":1.1199487132376056,"train/loss":0.0436,"_runtime":1899.952097273,"train_runtime":1869.3637,"train/global_step":360,"eval/loss":0.16227152943611145,"train/learning_rate":0,"train_loss":0.16343185893363424}