{"_timestamp":1.7548242495754237e+09,"train/learning_rate":1.782174418960558e-10,"total_flos":1.82535388266496e+14,"_wandb":{"runtime":14743},"train/grad_norm":1.219932562585483,"train/loss":0.6882,"train_runtime":14686.4827,"train/epoch":5,"eval/runtime":32.4651,"eval/steps_per_second":0.308,"_step":111,"eval/loss":0.7305291891098022,"train_samples_per_second":1.006,"_runtime":14743.123978103,"train_steps_per_second":0.063,"eval/samples_per_second":4.805,"train_loss":0.7435020307592444,"train/global_step":925}