{"_wandb":{"runtime":1687},"train/loss":0.3759,"_step":39,"eval/steps_per_second":1.002,"train_runtime":1665.5641,"_runtime":1687.176800963,"total_flos":1.4712050434048e+13,"train/grad_norm":3.2329717319994167,"train_loss":0.4888840183844933,"_timestamp":1.7518693206002984e+09,"train_samples_per_second":1.555,"train_steps_per_second":0.195,"eval/loss":0.5702398419380188,"train/learning_rate":1.446569558255395e-09,"train/epoch":5,"eval/runtime":3.9932,"train/global_step":325,"eval/samples_per_second":7.012}