{"train/grad_norm":1.1115419182370732,"eval/samples_per_second":4.86,"_wandb":{"runtime":13910},"_step":111,"total_flos":1.79674292289536e+14,"train/loss":0.6336,"_runtime":13910.88479112,"train/learning_rate":1.782174418960558e-10,"train_runtime":13859.9479,"eval/loss":0.670813262462616,"train/global_step":925,"train_steps_per_second":0.067,"train_samples_per_second":1.066,"_timestamp":1.753024421536648e+09,"eval/steps_per_second":0.312,"eval/runtime":32.0984,"train_loss":0.685368621671522,"train/epoch":5}