{"_step":58,"train_samples_per_second":2.556,"train_steps_per_second":0.32,"_wandb":{"runtime":1850},"_timestamp":1.7512649663531463e+09,"total_flos":3.578449330176e+13,"train/grad_norm":1.5724361507795563,"train/epoch":5,"train/loss":0.5159,"train_loss":0.5778897745996459,"_runtime":1825.823489793,"train/learning_rate":4.4586768211940515e-10,"train_runtime":1826.8003,"train/global_step":585}