{"train/epoch":5,"_timestamp":1.7548006365684412e+09,"train_runtime":24811.8589,"train/learning_rate":6.385215159565582e-11,"eval/loss":0.6796070337295532,"train_steps_per_second":0.062,"total_flos":2.9303721099264e+14,"eval/samples_per_second":4.48,"train/loss":0.6286,"train_samples_per_second":0.993,"_runtime":24897.368107112,"_wandb":{"runtime":24897},"train/grad_norm":1.3108746092487953,"eval/steps_per_second":0.293,"eval/runtime":58.0328,"train/global_step":1545,"train_loss":0.6877045825847145,"_step":185}