{"eval/samples_per_second":13.132,"train/loss":0.3115,"train_loss":0.46458171909138307,"eval/runtime":6.8532,"train/grad_norm":4.273541416514053,"train_samples_per_second":2.89,"_runtime":2471.201147073,"_step":106,"train/global_step":885,"train_runtime":2439.2784,"total_flos":2.335319261184e+13,"train/learning_rate":1.947016040384497e-10,"eval/loss":0.5877149701118469,"_wandb":{"runtime":2471},"train/epoch":5,"eval/steps_per_second":0.875,"_timestamp":1.750857023335421e+09,"train_steps_per_second":0.363}