{"eval/runtime":4.3303,"train_steps_per_second":0.371,"eval/samples_per_second":10.854,"eval/steps_per_second":1.386,"_step":67,"train/grad_norm":0.1766196542584293,"total_flos":7.92601347227648e+14,"train/global_step":555,"train_runtime":1496.6332,"_runtime":1507.280516648,"train/epoch":5,"train/loss":0.7818,"_timestamp":1.7512672369013095e+09,"eval/loss":0.7704312205314636,"train/learning_rate":4.954191664313656e-10,"train_loss":0.8072983638660328,"_wandb":{"runtime":1507},"train_samples_per_second":2.963}