{"train_loss":0.8363102603603054,"eval/runtime":27.1139,"train_steps_per_second":0.036,"train/global_step":370,"train_runtime":10242.5252,"_runtime":10292.688249189,"eval/steps_per_second":0.295,"train/learning_rate":0,"_wandb":{"runtime":10292},"train/epoch":4.939597315436242,"train/grad_norm":0.43595224117742887,"eval/samples_per_second":4.647,"train_samples_per_second":1.161,"_timestamp":1.7610676406146214e+09,"total_flos":8.9520332865536e+13,"train/loss":0.7742,"_step":45,"eval/loss":0.8176776170730591}