{"_runtime":4237.444175489,"eval/steps_per_second":0.616,"train/epoch":5,"_step":64,"_wandb":{"runtime":4237},"train/learning_rate":0,"train_steps_per_second":0.126,"_timestamp":1.7521294668925717e+09,"total_flos":2.945728249856e+13,"eval/runtime":9.746,"train/grad_norm":3.2727072240867994,"eval/samples_per_second":4.617,"train_runtime":4207.5234,"train_loss":0.4924650974993436,"train/global_step":530,"train_samples_per_second":0.999,"eval/loss":0.5323277115821838,"train/loss":0.377}