{"train/learning_rate":8.079997011800621e-12,"train/global_step":3474,"train/loss":0.7378,"_timestamp":1.7608299085357082e+09,"_runtime":47216.447987938,"eval/runtime":153.7713,"_step":417,"train_samples_per_second":2.364,"train_runtime":47034.0973,"train_steps_per_second":0.074,"train_loss":0.8188870337480227,"eval/samples_per_second":12.688,"total_flos":6.82363559149568e+14,"_wandb":{"runtime":47216},"eval/steps_per_second":0.793,"eval/loss":0.7907592058181763,"train/epoch":2.9978420371169614,"train/grad_norm":1.5331972595251235}