{"train/epoch":5,"train/grad_norm":0.9974727168204418,"eval/runtime":18.4164,"train_runtime":8295.8201,"train/learning_rate":0,"_runtime":8338.857314171,"eval/steps_per_second":0.38,"train/loss":0.4019,"_timestamp":1.7508143630524552e+09,"_wandb":{"runtime":8338},"eval/loss":0.5217961668968201,"eval/samples_per_second":5.756,"train_steps_per_second":0.076,"_step":76,"total_flos":4.1194115301376e+13,"train/global_step":630,"train_samples_per_second":1.214,"train_loss":0.5060746030201988}