{"train_samples_per_second":1.186,"train_runtime":10029.295,"train_steps_per_second":0.074,"total_flos":7.455056953344e+13,"eval/steps_per_second":0.29,"train/global_step":745,"train/loss":0.702,"eval/runtime":27.5669,"train/learning_rate":2.748148901841052e-10,"_timestamp":1.761575427073693e+09,"_runtime":10080.048655491,"train/epoch":5,"train/grad_norm":0.7593522815635518,"_wandb":{"runtime":10080},"eval/loss":0.7999787330627441,"train_loss":0.7733925486571037,"eval/samples_per_second":4.571,"_step":89}