{"eval/steps_per_second":0.326,"_timestamp":1.750890661774863e+09,"train_loss":0.7399872204614064,"train_samples_per_second":1.819,"train/grad_norm":0.18431501848604429,"eval/samples_per_second":4.513,"total_flos":1.306269794697216e+15,"train_steps_per_second":0.227,"train/loss":0.7023,"_wandb":{"runtime":4182},"train/epoch":5,"train/global_step":945,"_runtime":4182.868286638,"eval/loss":0.7494158148765564,"_step":113,"train_runtime":4155.9863,"eval/runtime":21.4954,"train/learning_rate":1.707495419472904e-10}